avg_blockiness,max_blockiness,min_blockiness,avg_blur,max_blur,min_blur,avg_color1,max_color1,min_color1,avg_color2,max_color2,min_color2,avg_color3,max_color3,min_color3,avg_color4,max_color4,min_color4,avg_color5,max_color5,min_color5,avg_color6,max_color6,min_color6,avg_color7,max_color7,min_color7,avg_color8,max_color8,min_color8,avg_noise,max_noise,min_noise,avg_brisque,max_brisque,min_brisque,avg_flicker
0.9897772277227723,1.0,0.86,0.06074218383266365,0.18754472374981723,0.0,0.9992808050994098,1.0,0.9418583240683869,0.25012776683147053,0.4363489112542686,0.0,0.4158747950448093,0.5178509689437466,0.0,0.45153608669225326,0.5629315274743671,0.0,0.5730899581874092,0.9363656876258508,0.0,0.0403096128110096,0.08769652164262808,0.0,0.1123694663698625,0.17731444098166954,0.0,0.19034114578233055,0.28605008631305173,0.0,0.26851174691779034,0.39518855774680683,0.0,nan,nan,nan,0.038629751864075274
