avg_blockiness,max_blockiness,min_blockiness,avg_blur,max_blur,min_blur,avg_contrast,max_contrast,min_contrast,avg_color,max_color,min_color,avg_ltp,max_ltp,min_ltp,avg_noise,max_noise,min_noise,avg_brisque,max_brisque,min_brisque,avg_flickering_AGH,avg_blockiness_AGH,avg_letterBox_agh,avg_pillarBox_agh,avg_blockloss_agh,avg_blur_agh,avg_blackout_agh,avg_freezing_agh,avg_exposure_agh,avg_contrast_agh,avg_interlace_agh,avg_noise_agh,avg_si_agh,avg_ti_agh
0.698683155080214,0.755,0.63375,0.21309852183858852,0.3400358555496047,0.1581902549789582,0.3329665165775401,0.3332672,0.3322418,0.28747329989304815,0.29026988,0.28422215,0.12071870839572194,0.12213581,0.11928571,0.9999338270703905,1,0.9894081408555985,0.6873340528411047,0.7532218512821532,0.6338743629126009,0.06157,0.00029,0.0,0.0,0.00052,0.04547,0.0,0.0,0.43681,0.25069,0.00613,0.02127,0.12504264773986726,0.01716557101196942
